id,name
1,Tabitha Schmidt
2,Michael Martinez
3,Diana Wright
4,Ashley Davis
5,Taylor Jenkins
6,Cameron Anderson
7,Laura Douglas
8,Andre Jackson
9,Vincent Jacobs
10,Seth Hunt
11,Christine Robinson
12,Dawn Carpenter
13,Christine Leblanc
14,Connor Brewer
15,Lydia Fleming
16,Brian Dickerson
17,Robin Duncan
18,Christopher Werner
19,Joshua Johnson
20,Dr. Brittany Hogan PhD
21,Ronald Parsons
22,Timothy Wyatt
23,Robert Woodward
24,Gary Hart
25,Christopher James
26,Victor Phillips
27,Linda Buckley
28,John Sosa
29,Richard Cunningham
30,Craig Torres
31,Sean Jones
32,Jill Duran
33,Linda Mckay
34,Meagan Cox
35,Kevin Chavez
36,William Hill
37,Christopher Rice
38,Paul Rodriguez
39,Frank Ramirez
40,Michael Thompson
41,Keith King
42,Hayley Soto
43,Michael Martin
44,Brett Johnson
45,Charlene Mcknight
46,Benjamin Jones
47,Katrina Mcdaniel
48,Shannon Powers
49,Tammy Aguirre
50,Katie Blankenship
